{"cameraMode":{"drawMode":0,"name":"Shaded","section":"Shading Mode"},"sceneLighting":false,"audioPlay":false,"sceneViewState":{"m_AlwaysRefresh":false,"showFog":true,"showSkybox":false,"showFlares":true,"showImageEffects":true,"showParticleSystems":true,"showVisualEffectGraphs":true,"m_FxEnabled":true},"in2DMode":false,"pivot":{"x":0.0004353523254394531,"y":0.2679847478866577,"z":-0.006649017333984375},"rotation":{"x":0.0698830708861351,"y":-0.9035771489143372,"z":0.1707792431116104,"w":0.38767749071121218},"size":8.599342346191407,"orthographic":false}