{"cameraMode":{"drawMode":0,"name":"Shaded","section":"Shading Mode"},"sceneLighting":false,"audioPlay":false,"sceneViewState":{"m_AlwaysRefresh":false,"showFog":true,"showSkybox":false,"showFlares":true,"showImageEffects":true,"showParticleSystems":true,"showVisualEffectGraphs":true,"m_FxEnabled":true},"in2DMode":false,"pivot":{"x":1.1920928955078126e-7,"y":0.8624025583267212,"z":0.261787474155426},"rotation":{"x":0.011165405623614788,"y":0.9709881544113159,"z":-0.23601944744586945,"w":0.04179024323821068},"size":1.1408276557922364,"orthographic":false}