{"cameraMode":{"drawMode":0,"name":"Shaded","section":"Shading Mode"},"sceneLighting":false,"audioPlay":false,"sceneViewState":{"m_AlwaysRefresh":false,"showFog":true,"showSkybox":false,"showFlares":true,"showImageEffects":true,"showParticleSystems":true,"showVisualEffectGraphs":true,"m_FxEnabled":true},"in2DMode":false,"pivot":{"x":0.0317540168762207,"y":1.366476058959961,"z":0.3817562758922577},"rotation":{"x":0.08630021661520004,"y":-0.8625207543373108,"z":0.15275491774082185,"w":0.47512513399124148},"size":1.735140323638916,"orthographic":false}