{"cameraMode":{"drawMode":0,"name":"Shaded","section":"Shading Mode"},"sceneLighting":true,"audioPlay":false,"sceneViewState":{"m_AlwaysRefresh":false,"showFog":true,"showSkybox":true,"showFlares":true,"showImageEffects":true,"showParticleSystems":true,"showVisualEffectGraphs":true,"m_FxEnabled":true},"in2DMode":false,"pivot":{"x":-1.2091566324234009,"y":2.3533332347869875,"z":3.4861104488372804},"rotation":{"x":0.05587898939847946,"y":0.5484058260917664,"z":-0.03418075293302536,"w":0.8341534733772278},"size":4.420948028564453,"orthographic":false}