{"cameraMode":{"drawMode":0,"name":"Shaded","section":"Shading Mode"},"sceneLighting":true,"audioPlay":false,"sceneViewState":{"m_AlwaysRefresh":false,"showFog":true,"showSkybox":true,"showFlares":true,"showImageEffects":true,"showParticleSystems":true,"showVisualEffectGraphs":true,"m_FxEnabled":true},"in2DMode":false,"pivot":{"x":3.8747642040252687,"y":0.9951688051223755,"z":6.758728504180908},"rotation":{"x":0.721798300743103,"y":-0.001038160058669746,"z":0.0010827051009982825,"w":0.6921020150184631},"size":49.93733215332031,"orthographic":true}