{"cameraMode":{"drawMode":0,"name":"Shaded","section":"Shading Mode"},"sceneLighting":true,"audioPlay":false,"sceneViewState":{"m_AlwaysRefresh":false,"showFog":true,"showSkybox":false,"showFlares":true,"showImageEffects":true,"showParticleSystems":true,"showVisualEffectGraphs":true,"m_FxEnabled":true},"in2DMode":false,"pivot":{"x":0.28405261039733889,"y":10.4399995803833,"z":-1.3197782039642335},"rotation":{"x":0.03994566947221756,"y":0.6146537661552429,"z":-0.02844174951314926,"w":0.7878121733665466},"size":0.8660253882408142,"orthographic":false}