{"cameraMode":{"drawMode":0,"name":"Shaded","section":"Shading Mode"},"sceneLighting":false,"audioPlay":false,"sceneViewState":{"m_AlwaysRefresh":false,"showFog":true,"showSkybox":false,"showFlares":true,"showImageEffects":true,"showParticleSystems":true,"showVisualEffectGraphs":true,"m_FxEnabled":true},"in2DMode":false,"pivot":{"x":36.783958435058597,"y":3.871776580810547,"z":-2.124666213989258},"rotation":{"x":0.03071906603872776,"y":-0.9674883484840393,"z":0.14504693448543549,"w":0.2049936205148697},"size":0.49190273880958559,"orthographic":false}