{"cameraMode":{"drawMode":0,"name":"Shaded","section":"Shading Mode"},"sceneLighting":false,"audioPlay":false,"sceneViewState":{"m_AlwaysRefresh":false,"showFog":true,"showSkybox":false,"showFlares":true,"showImageEffects":true,"showParticleSystems":true,"showVisualEffectGraphs":true,"m_FxEnabled":true},"in2DMode":false,"pivot":{"x":-5.960464477539063e-8,"y":0.8631883859634399,"z":0.26503610610961916},"rotation":{"x":-0.006839985493570566,"y":-0.9470655918121338,"z":0.32118576765060427,"w":-0.015801772475242616},"size":1.4380388259887696,"orthographic":false}