{"cameraMode":{"drawMode":0,"name":"Shaded","section":"Shading Mode"},"sceneLighting":false,"audioPlay":false,"sceneViewState":{"m_AlwaysRefresh":false,"showFog":true,"showSkybox":false,"showFlares":true,"showImageEffects":true,"showParticleSystems":true,"showVisualEffectGraphs":true,"m_FxEnabled":true},"in2DMode":false,"pivot":{"x":-13.981660842895508,"y":1.5118855237960816,"z":5.402292251586914},"rotation":{"x":0.0016083942027762533,"y":-0.9866219758987427,"z":0.162756085395813,"w":0.009757003746926785},"size":2.1646809577941896,"orthographic":false}