{"cameraMode":{"drawMode":0,"name":"Shaded","section":"Shading Mode"},"sceneLighting":false,"audioPlay":false,"sceneViewState":{"m_AlwaysRefresh":false,"showFog":true,"showSkybox":false,"showFlares":true,"showImageEffects":true,"showParticleSystems":true,"showVisualEffectGraphs":true,"m_FxEnabled":true},"in2DMode":false,"pivot":{"x":-13.981660842895508,"y":1.5118855237960816,"z":5.402292251586914},"rotation":{"x":-0.06052679196000099,"y":0.9376699328422546,"z":-0.21016910672187806,"w":-0.27012309432029726},"size":2.1646809577941896,"orthographic":false}