{"cameraMode":{"drawMode":0,"name":"Shaded","section":"Shading Mode"},"sceneLighting":false,"audioPlay":false,"sceneViewState":{"m_AlwaysRefresh":false,"showFog":true,"showSkybox":false,"showFlares":true,"showImageEffects":true,"showParticleSystems":true,"showVisualEffectGraphs":true,"m_FxEnabled":true},"in2DMode":false,"pivot":{"x":6.175660610198975,"y":1.8594926595687867,"z":5.4538140296936039},"rotation":{"x":-0.036223266273736957,"y":-0.05470021441578865,"z":0.002449601422995329,"w":-0.9979262948036194},"size":1.7320507764816285,"orthographic":false}