{"cameraMode":{"drawMode":0,"name":"Shaded","section":"Shading Mode"},"sceneLighting":false,"audioPlay":false,"sceneViewState":{"m_AlwaysRefresh":false,"showFog":true,"showSkybox":false,"showFlares":true,"showImageEffects":true,"showParticleSystems":true,"showVisualEffectGraphs":true,"m_FxEnabled":true},"in2DMode":false,"pivot":{"x":303.38885498046877,"y":137.1654815673828,"z":0.3977864682674408},"rotation":{"x":-0.3896200954914093,"y":0.025897802785038949,"z":-0.009472066536545754,"w":-0.9214800596237183},"size":336.8072814941406,"orthographic":false}