{"cameraMode":{"drawMode":0,"name":"Shaded","section":"Shading Mode"},"sceneLighting":false,"audioPlay":false,"sceneViewState":{"m_AlwaysRefresh":false,"showFog":true,"showSkybox":false,"showFlares":true,"showImageEffects":true,"showParticleSystems":true,"showVisualEffectGraphs":true,"m_FxEnabled":true},"in2DMode":false,"pivot":{"x":-0.0023000240325927736,"y":0.4171000123023987,"z":-0.0008499994874000549},"rotation":{"x":-0.1537032276391983,"y":-0.33886438608169558,"z":0.052337583154439929,"w":-0.9271445870399475},"size":0.5634482502937317,"orthographic":false}