{"cameraMode":{"drawMode":0,"name":"Shaded","section":"Shading Mode"},"sceneLighting":false,"audioPlay":false,"sceneViewState":{"m_AlwaysRefresh":false,"showFog":true,"showSkybox":false,"showFlares":true,"showImageEffects":true,"showParticleSystems":true,"showVisualEffectGraphs":true,"m_FxEnabled":true},"in2DMode":false,"pivot":{"x":0.052512459456920627,"y":0.17379936575889588,"z":-0.0019264668226242066},"rotation":{"x":-0.0011316468007862568,"y":-0.9612616896629334,"z":0.27569690346717837,"w":-0.004053009673953056},"size":0.8055514693260193,"orthographic":false}