{"cameraMode":{"drawMode":0,"name":"Shaded","section":"Shading Mode"},"sceneLighting":false,"audioPlay":false,"sceneViewState":{"m_AlwaysRefresh":false,"showFog":true,"showSkybox":false,"showFlares":true,"showImageEffects":true,"showParticleSystems":true,"showVisualEffectGraphs":true,"m_FxEnabled":true},"in2DMode":false,"pivot":{"x":0.2582061290740967,"y":1.0233361721038819,"z":-0.35896313190460207},"rotation":{"x":0.17897029221057893,"y":0.5123289227485657,"z":-0.11034926772117615,"w":0.8328087329864502},"size":1.8970685005187989,"orthographic":false}