{"cameraMode":{"drawMode":0,"name":"Shaded","section":"Shading Mode"},"sceneLighting":false,"audioPlay":false,"sceneViewState":{"m_AlwaysRefresh":false,"showFog":true,"showSkybox":false,"showFlares":true,"showImageEffects":true,"showParticleSystems":true,"showVisualEffectGraphs":true,"m_FxEnabled":true},"in2DMode":false,"pivot":{"x":0.00010001659393310547,"y":0.3587999939918518,"z":-0.0004000067710876465},"rotation":{"x":0.20106324553489686,"y":-0.08649201691150665,"z":0.021386276930570604,"w":0.9759314656257629},"size":0.6158607006072998,"orthographic":false}