{"cameraMode":{"drawMode":0,"name":"Shaded","section":"Shading Mode"},"sceneLighting":false,"audioPlay":false,"sceneViewState":{"m_AlwaysRefresh":false,"showFog":true,"showSkybox":false,"showFlares":true,"showImageEffects":true,"showParticleSystems":true,"showVisualEffectGraphs":true,"m_FxEnabled":true},"in2DMode":false,"pivot":{"x":0.052512459456920627,"y":0.17379936575889588,"z":-0.0019264668226242066},"rotation":{"x":0.038911134004592898,"y":-0.8535991311073303,"z":0.5155184864997864,"w":0.06437646597623825},"size":0.5055513381958008,"orthographic":false}