{"cameraMode":{"drawMode":0,"name":"Shaded","section":"Shading Mode"},"sceneLighting":false,"audioPlay":false,"sceneViewState":{"m_AlwaysRefresh":false,"showFog":true,"showSkybox":false,"showFlares":true,"showImageEffects":true,"showParticleSystems":true,"showVisualEffectGraphs":true,"m_FxEnabled":true},"in2DMode":false,"pivot":{"x":-4.0846052169799809,"y":1.5099999904632569,"z":-11.479999542236329},"rotation":{"x":-0.017735790461301805,"y":0.9598188400268555,"z":-0.2719890773296356,"w":-0.07001584023237229},"size":3.619323492050171,"orthographic":false}