{"cameraMode":{"drawMode":0,"name":"Shaded","section":"Shading Mode"},"sceneLighting":false,"audioPlay":false,"sceneViewState":{"m_AlwaysRefresh":false,"showFog":true,"showSkybox":false,"showFlares":true,"showImageEffects":true,"showParticleSystems":true,"showVisualEffectGraphs":true,"m_FxEnabled":true},"in2DMode":false,"pivot":{"x":-0.006650000810623169,"y":1.1688499450683594,"z":-0.01639997959136963},"rotation":{"x":0.11707299202680588,"y":0.5653280019760132,"z":-0.0770048126578331,"w":0.8133727312088013},"size":1.6614927053451539,"orthographic":false}