{"cameraMode":{"drawMode":0,"name":"Shaded","section":"Shading Mode"},"sceneLighting":false,"audioPlay":false,"sceneViewState":{"m_AlwaysRefresh":false,"showFog":true,"showSkybox":false,"showFlares":true,"showImageEffects":true,"showParticleSystems":true,"showVisualEffectGraphs":true,"m_FxEnabled":true},"in2DMode":false,"pivot":{"x":-4.448307991027832,"y":1.2400000095367432,"z":15.273321151733399},"rotation":{"x":0.0021438540425151588,"y":0.9999400973320007,"z":0.028997989371418954,"w":-0.011096173897385598},"size":1.797746181488037,"orthographic":false}