{"cameraMode":{"drawMode":0,"name":"Shaded","section":"Shading Mode"},"sceneLighting":false,"audioPlay":false,"sceneViewState":{"m_AlwaysRefresh":false,"showFog":true,"showSkybox":false,"showFlares":true,"showImageEffects":true,"showParticleSystems":true,"showVisualEffectGraphs":true,"m_FxEnabled":true},"in2DMode":false,"pivot":{"x":-4.1297001346132769e-16,"y":1.4610402584075928,"z":0.18072514235973359},"rotation":{"x":0.00048464059364050627,"y":0.9975872039794922,"z":-0.006881782319396734,"w":0.06955629587173462},"size":0.5660253763198853,"orthographic":false}