{"cameraMode":{"drawMode":0,"name":"Shaded","section":"Shading Mode"},"sceneLighting":false,"audioPlay":false,"sceneViewState":{"m_AlwaysRefresh":false,"showFog":true,"showSkybox":false,"showFlares":true,"showImageEffects":true,"showParticleSystems":true,"showVisualEffectGraphs":true,"m_FxEnabled":true},"in2DMode":false,"pivot":{"x":-0.49315595626831057,"y":2.885561943054199,"z":0.8992404937744141},"rotation":{"x":0.19502417743206025,"y":-0.47587963938713076,"z":0.10900120437145233,"w":0.8507147431373596},"size":4.113528251647949,"orthographic":false}