{"cameraMode":{"drawMode":0,"name":"Shaded","section":"Shading Mode"},"sceneLighting":false,"audioPlay":false,"sceneViewState":{"m_AlwaysRefresh":false,"showFog":true,"showSkybox":false,"showFlares":true,"showImageEffects":true,"showParticleSystems":true,"showVisualEffectGraphs":true,"m_FxEnabled":true},"in2DMode":false,"pivot":{"x":0.0001382194459438324,"y":0.06527307629585266,"z":-0.00792054831981659},"rotation":{"x":0.0962233766913414,"y":0.8520715832710266,"z":-0.16482402384281159,"w":0.4877907633781433},"size":0.1814882755279541,"orthographic":false}