{"cameraMode":{"drawMode":0,"name":"Shaded","section":"Shading Mode"},"sceneLighting":false,"audioPlay":false,"sceneViewState":{"m_AlwaysRefresh":false,"showFog":true,"showSkybox":false,"showFlares":true,"showImageEffects":true,"showParticleSystems":true,"showVisualEffectGraphs":true,"m_FxEnabled":true},"in2DMode":false,"pivot":{"x":5.960464477539063e-8,"y":0.9514830112457275,"z":0.26178744435310366},"rotation":{"x":0.0140509819611907,"y":-0.9826381802558899,"z":0.09483528882265091,"w":0.1600634604692459},"size":1.7940951585769654,"orthographic":false}