{"cameraMode":{"drawMode":0,"name":"Shaded","section":"Shading Mode"},"sceneLighting":false,"audioPlay":false,"sceneViewState":{"m_AlwaysRefresh":false,"showFog":true,"showSkybox":false,"showFlares":true,"showImageEffects":true,"showParticleSystems":true,"showVisualEffectGraphs":true,"m_FxEnabled":true},"in2DMode":false,"pivot":{"x":-4.8786234855651859,"y":2.325000286102295,"z":7.699999809265137},"rotation":{"x":0.18868884444236756,"y":0.34847813844680788,"z":-0.07238002866506577,"w":0.9157906174659729},"size":3.2922489643096926,"orthographic":false}