{"cameraMode":{"drawMode":0,"name":"Shaded","section":"Shading Mode"},"sceneLighting":false,"audioPlay":false,"sceneViewState":{"m_AlwaysRefresh":false,"showFog":true,"showSkybox":false,"showFlares":true,"showImageEffects":true,"showParticleSystems":true,"showVisualEffectGraphs":true,"m_FxEnabled":true},"in2DMode":false,"pivot":{"x":-0.023920536041259767,"y":1.5119963884353638,"z":-0.7605772018432617},"rotation":{"x":-0.00045403625699691474,"y":-0.9925541877746582,"z":0.11934075504541397,"w":0.036367569118738177},"size":4.181745529174805,"orthographic":false}