{"cameraMode":{"drawMode":0,"name":"Shaded","section":"Shading Mode"},"sceneLighting":false,"audioPlay":false,"sceneViewState":{"m_AlwaysRefresh":false,"showFog":true,"showSkybox":false,"showFlares":true,"showImageEffects":true,"showParticleSystems":true,"showVisualEffectGraphs":true,"m_FxEnabled":true},"in2DMode":false,"pivot":{"x":0.0001382194459438324,"y":0.06527307629585266,"z":-0.00792054831981659},"rotation":{"x":0.12326892465353012,"y":0.8324019908905029,"z":-0.20158298313617707,"w":0.5016682744026184},"size":1.0814883708953858,"orthographic":false}