{"cameraMode":{"drawMode":0,"name":"Shaded","section":"Shading Mode"},"sceneLighting":true,"audioPlay":false,"sceneViewState":{"m_AlwaysRefresh":false,"showFog":true,"showSkybox":true,"showFlares":true,"showImageEffects":true,"showParticleSystems":true,"showVisualEffectGraphs":true,"m_FxEnabled":true},"in2DMode":false,"pivot":{"x":15.514450073242188,"y":-0.15164756774902345,"z":27.253629684448243},"rotation":{"x":0.28227901458740237,"y":-0.176522359251976,"z":0.05307186394929886,"w":0.941519021987915},"size":9.039202690124512,"orthographic":false}