{"cameraMode":{"drawMode":0,"name":"Shaded","section":"Shading Mode"},"sceneLighting":true,"audioPlay":false,"sceneViewState":{"m_AlwaysRefresh":false,"showFog":true,"showSkybox":true,"showFlares":true,"showImageEffects":true,"showParticleSystems":true,"showVisualEffectGraphs":true,"m_FxEnabled":true},"in2DMode":false,"pivot":{"x":11.071569442749024,"y":0.6935410499572754,"z":14.426368713378907},"rotation":{"x":-3.0908619663705397e-8,"y":0.7071068286895752,"z":-0.7071068286895752,"w":-3.0908619663705397e-8},"size":17.947084426879884,"orthographic":true}