{"cameraMode":{"drawMode":0,"name":"Shaded","section":"Shading Mode"},"sceneLighting":false,"audioPlay":false,"sceneViewState":{"m_AlwaysRefresh":false,"showFog":true,"showSkybox":false,"showFlares":true,"showImageEffects":true,"showParticleSystems":true,"showVisualEffectGraphs":true,"m_FxEnabled":true},"in2DMode":false,"pivot":{"x":2.2351741790771485e-7,"y":-0.22919034957885743,"z":1.7881393432617188e-7},"rotation":{"x":0.5244117379188538,"y":0.08749367296695709,"z":-0.05435125157237053,"w":0.8452433943748474},"size":0.8165518641471863,"orthographic":false}