{"cameraMode":{"drawMode":0,"name":"Shaded","section":"Shading Mode"},"sceneLighting":false,"audioPlay":false,"sceneViewState":{"m_AlwaysRefresh":false,"showFog":true,"showSkybox":false,"showFlares":true,"showImageEffects":true,"showParticleSystems":true,"showVisualEffectGraphs":true,"m_FxEnabled":true},"in2DMode":false,"pivot":{"x":-0.208185613155365,"y":1.6097791194915772,"z":-0.14499938488006593},"rotation":{"x":0.24416309595108033,"y":0.5494463443756104,"z":-0.1720523238182068,"w":0.7803711891174316},"size":1.2323780059814454,"orthographic":false}