{"cameraMode":{"drawMode":0,"name":"Shaded","section":"Shading Mode"},"sceneLighting":false,"audioPlay":false,"sceneViewState":{"m_AlwaysRefresh":false,"showFog":true,"showSkybox":false,"showFlares":true,"showImageEffects":true,"showParticleSystems":true,"showVisualEffectGraphs":true,"m_FxEnabled":true},"in2DMode":false,"pivot":{"x":-0.022719621658325197,"y":1.3197139501571656,"z":0.3696960210800171},"rotation":{"x":-0.0007893442525528371,"y":-0.9969213008880615,"z":0.07427281141281128,"w":-0.03320125862956047},"size":1.38069486618042,"orthographic":false}