{"cameraMode":{"drawMode":0,"name":"Shaded","section":"Shading Mode"},"sceneLighting":false,"audioPlay":false,"sceneViewState":{"m_AlwaysRefresh":false,"showFog":true,"showSkybox":false,"showFlares":true,"showImageEffects":true,"showParticleSystems":true,"showVisualEffectGraphs":true,"m_FxEnabled":true},"in2DMode":false,"pivot":{"x":-0.0017589479684829712,"y":2.865190029144287,"z":-1.7624971866607667},"rotation":{"x":-0.006172304041683674,"y":-0.999681293964386,"z":0.018809691071510316,"w":-0.03134165704250336},"size":4.332913875579834,"orthographic":false}