{"cameraMode":{"drawMode":0,"name":"Shaded","section":"Shading Mode"},"sceneLighting":false,"audioPlay":false,"sceneViewState":{"m_AlwaysRefresh":false,"showFog":true,"showSkybox":false,"showFlares":true,"showImageEffects":true,"showParticleSystems":true,"showVisualEffectGraphs":true,"m_FxEnabled":true},"in2DMode":false,"pivot":{"x":-16.172679901123048,"y":1.3880338668823243,"z":0.5440400838851929},"rotation":{"x":-0.07886549830436707,"y":-0.38239866495132449,"z":-0.03277735412120819,"w":0.9200458526611328},"size":2.1623127460479738,"orthographic":false}