{"cameraMode":{"drawMode":0,"name":"Shaded","section":"Shading Mode"},"sceneLighting":false,"audioPlay":false,"sceneViewState":{"m_AlwaysRefresh":false,"showFog":true,"showSkybox":false,"showFlares":true,"showImageEffects":true,"showParticleSystems":true,"showVisualEffectGraphs":true,"m_FxEnabled":true},"in2DMode":false,"pivot":{"x":-0.1838749796152115,"y":9.863635063171387,"z":0.8568496108055115},"rotation":{"x":-0.9599747061729431,"y":0.025827059522271158,"z":0.26258665323257449,"w":0.09448656439781189},"size":7.023861408233643,"orthographic":false}