{"cameraMode":{"drawMode":0,"name":"Shaded","section":"Shading Mode"},"sceneLighting":true,"audioPlay":false,"sceneViewState":{"m_AlwaysRefresh":false,"showFog":true,"showSkybox":true,"showFlares":true,"showImageEffects":true,"showParticleSystems":true,"showVisualEffectGraphs":true,"m_FxEnabled":true},"in2DMode":false,"pivot":{"x":16.927867889404298,"y":1.0186290740966797,"z":9.533766746520996},"rotation":{"x":0.03694962337613106,"y":-0.9620838761329651,"z":0.20401737093925477,"w":0.17824646830558778},"size":6.773251533508301,"orthographic":false}