{"cameraMode":{"drawMode":0,"name":"Shaded","section":"Shading Mode"},"sceneLighting":false,"audioPlay":false,"sceneViewState":{"m_AlwaysRefresh":false,"showFog":true,"showSkybox":false,"showFlares":true,"showImageEffects":true,"showParticleSystems":true,"showVisualEffectGraphs":true,"m_FxEnabled":true},"in2DMode":false,"pivot":{"x":0.07284998893737793,"y":1.6528000831604005,"z":0.03644990921020508},"rotation":{"x":-0.08324167132377625,"y":0.7061595320701599,"z":-0.08958214521408081,"w":-0.6979839205741882},"size":3.5968239307403566,"orthographic":false}