{"cameraMode":{"drawMode":0,"name":"Shaded","section":"Shading Mode"},"sceneLighting":false,"audioPlay":false,"sceneViewState":{"m_AlwaysRefresh":false,"showFog":true,"showSkybox":false,"showFlares":true,"showImageEffects":true,"showParticleSystems":true,"showVisualEffectGraphs":true,"m_FxEnabled":true},"in2DMode":false,"pivot":{"x":0.1878300905227661,"y":1.8827543258666993,"z":0.04720723628997803},"rotation":{"x":-0.013420578092336655,"y":0.8258177638053894,"z":0.019521670415997506,"w":0.5635173320770264},"size":3.3240151405334474,"orthographic":false}