{"cameraMode":{"drawMode":0,"name":"Shaded","section":"Shading Mode"},"sceneLighting":false,"audioPlay":false,"sceneViewState":{"m_AlwaysRefresh":false,"showFog":true,"showSkybox":false,"showFlares":true,"showImageEffects":true,"showParticleSystems":true,"showVisualEffectGraphs":true,"m_FxEnabled":true},"in2DMode":false,"pivot":{"x":0.052512459456920627,"y":0.17379936575889588,"z":-0.0019264668226242066},"rotation":{"x":0.07625773549079895,"y":-0.9104592204093933,"z":0.35712292790412905,"w":0.1943233162164688},"size":0.5055513381958008,"orthographic":false}