{"cameraMode":{"drawMode":0,"name":"Shaded","section":"Shading Mode"},"sceneLighting":false,"audioPlay":false,"sceneViewState":{"m_AlwaysRefresh":false,"showFog":true,"showSkybox":false,"showFlares":true,"showImageEffects":true,"showParticleSystems":true,"showVisualEffectGraphs":true,"m_FxEnabled":true},"in2DMode":false,"pivot":{"x":1.1301474571228028,"y":0.007599830627441406,"z":1.3129537105560303},"rotation":{"x":0.10153298825025559,"y":-0.2000606805086136,"z":0.020729312673211099,"w":0.974332869052887},"size":1.0464015007019044,"orthographic":false}